SUJETS,JUNIOR üë∂,CONFIRME üë®,SENIOR üë¥
Python,"Sait √©crire un traitement de donn√©e simple dans un notebook
Connait les librairies essentiels (pandas, numpy)","A particip√© √† des projets complexes en √©quipes
Conna√Æt des librairies plus avanc√©es (pytest, pyspark)
A travaill√© avec diff√©rentes sources de donn√©es non locales.
A produit des visuels/comptes rendu
(par exemple matplotlib,streamlit)
A automatis√© ou fait face √† des probl√®matiques d'automatisation
A fait du POO","Lead d'un projet python.
Connait les design pattern et sait les appliquer.
sait optimiser le code et les temps de traitement.
Ma√Ætrise pyspark, dask ou d'autres librairies li√©es √† la data.
A automatis√© son process et les tests."
Big Data,Comprend la diff√©rence DataLake/DataWarehouse et a d√©j√† travaill√© avec ,"A utilis√© Spark/Hadoop/Hive dans une mission.
Connait les notion de Lazy computation, format parquet,...
","Sait utiliser SparkUI pour optimiser l'utilisation des resosurces 
dans un Cluster.
(HPC/Cloud)
Maitrise Change Data Capture"
SQL,"Utilisation des fonctions basique. SELECT, UPDATE, JOIN","Sait utiliser les fonctions d'aggregations.
Connait les principes de normalisation d'une table - Comprend l'organisation d'une base/model de donn√©es. 
Sait reconnaitre et optimiser les probl√®mes de performance","Sait gerer les index,
gerer un flux de donn√©es entrant.
A travaill√© avec de la grosse volum√©trie.
A vu plusieurs technos SQL/NoSQL."
"Java, Scala, Matlab, R",A d√©j√† utilis√© un de ces languages pour des analyses de donn√©es simple et ponctuels (manuels),"A d√©j√† utilis√© un de ces languages pour des projets dans lesquels 
il fallait communiquer avec d'autres sources de donn√©es (API, BDD, FTP..)
et a du mettre en place des algos complexes d'analyse",
"AWS, GCP, Azure","Utiliser les services de bases du cloud provider, surtout IaaS (VM/Storage)","Utiliser les services PaaS du cloud provider
Gestion des r√¥les, des droits d'acc√®s (Fonctions d'automatisations lambda/AzureFunciton, IAM/AD)",d√©ployer une infrastructure complexe & scalable (bas√©e sur les services du cloud provider)
"Informatica, Talend, fivetran etc.","Connait un ETL et ses fonctions basiques : 
Mapping, connection √† une BDD/API","A particip√© √† des projets complexes 
(multiples sources/target, nombreux flux, gestion de format etc)
A versionn√© et automatis√© son projet.",
"Connaissance des algos 
DataScience","Connait random Forest, fully connected NN, et autre regr√©ssions lin√©aires. K-means/KNN
Sait expliquer la diff√©rence entre entrainement supervis√© et non supervis√©.","Sait exliquer au moins un mod√®le d'analyse plus pouss√©e, par exemple :
Suport Vector Machine, Convolutionnal NN, Principal Component Analysis, 
Hidden Markov Model, Time sequence Analysis throught K-clustering. etc",Ma√Ætrise la majorit√© des algos pr√©c√©dement cit√©s et sait les expliquer dans le d√©tails et les vulgariser
"Tensorflow, Keras, scikit-learn, DSS",a appliqu√© les algos ci-dessus avec les outils cit√©s,a appliqu√© les algos ci-dessus avec les outils cit√©s,a appliqu√© les algos ci-dessus avec les outils cit√©s
OPS,Comprend le fonctionnement d'une CI/CD et en a d√©j√† utlis√©e un mise en place,A d√©j√† configur√© un CI/CD simple dans un projet et connait les diff√©rents outils (Jenkins/GitLab/Azure pipelines),"Sait mettre en place une CI/CD compl√®te avec tests automatis√©s, gestion des environnements., etc.
Ma√Ætrise les probl√®matiques MLOPS d'entrainement continu"
Git,"connait les commandes de base : 
commit, push/pull, merge, checkout etc.","a travaill√© en √©quipe avec au moins 4 personnes sur le m√™me repo. 
Et sait faire fonctionner un CI/CD simple","Ma√Ætrise git parfaitement, sait gerer des conflits de branche systematiquement.
Sait configurer une CI/CD avec test, coverage, build etc.."
"Partners
(Dataiku/Databricks/Snowflake)",a d√©j√† utilis√© les fonctions basiques dans un environement control√©,certifi√© + utilisation pouss√©e de l'outil en mission,"certifi√© + Mise en place de l'outil et utilisation avanc√©.
R√©f√©rent technique sur l'outil dans l'√©quipe"
"PowerBI, Qlik, Tableau","Sait faire un dashboard simple √† partir de sp√©cifications
Sait appliquer un th√®me graphique","Sait manipuler les s√©ries temporelles
Peut cr√©er des rapports dynamiques
Peut travailler avec le m√©tier pour d√©finir les KPI","Ma√Ætrise le cycle de livraison d'un dashboard
Sait optimiser les donn√©es pour acc√©l√©rer le rafra√Æchissement des donn√©es et ma√Ætriser les co√ªts
Sa√Æt mettre en place diff√©rents profils utilisateurs avec s√©curit√© √† la ligne"